name,url
Procenex / Poet Pisos,https://www.masonline.com.ar/limpiador-desinfectante-de-pisos-poett-lavanda-4-l-2/p
Blem aerosol,https://www.masonline.com.ar/lustramuebles-blem-brillo-y-proteccion-madera-lavanda-en-aerosol-360-cc-2/p
Rollo de cocina,https://www.masonline.com.ar/rollo-de-cocina-sussex-clasico-doble-hoja-60-panos-3-u/p
Papel higiénico,https://www.masonline.com.ar/papel-higienico-higienol-premium-doble-hoja-30m-4u-2/p
Pañuelos descartables,https://www.masonline.com.ar/panuelos-pocket-elite-triple-hoja-pack-de-10-2/p
Pañuelos auto,https://www.masonline.com.ar/panuelos-elite-doble-hoja-90u-2/p
Limpiador Inodoro,https://www.masonline.com.ar/pato-purific-gel-limpiador-durazno-galactico-2/p
Discos inodoro Tropical,https://www.masonline.com.ar/discos-adhesivos-para-inodoro-pato-floral-aplicador-repuesto-38gr-2/p
Cif baño,https://www.masonline.com.ar/limpiador-liquido-de-bano-cif-expert-450ml-2/p
Esponja cocina,https://www.masonline.com.ar/esponja-lavavaj-pintada-lisa-virulana-1u-2/p
Lavandina,https://www.masonline.com.ar/lavandina-ayudin-triple-poder-pureza-glaciar-4-l-2/p
Lavandina en gel,https://www.masonline.com.ar/lavandina-en-gel-ayudin-original-1-5-lt-2/p
Desengrasante,https://www.masonline.com.ar/limpiador-antigrasa-cif-expert-450ml-2/p
Detergente,https://www.masonline.com.ar/detergente-magistral-pureza-activa-500ml/p
Paño,https://www.masonline.com.ar/pano-twist-virulana-1-u-2/p
Limpiavidrios,https://www.masonline.com.ar/limpieza-de-vidrios-procenex-doypack-820ml-2/p
Bolsas basura baño,https://www.masonline.com.ar/bolsa-residuo-asurin-34x38-bano-fragancia-lavanda-30u/p
Cif crema,https://www.masonline.com.ar/limpiador-cremoso-cif-bioactive-original-750-gr-2/p
Bolsas basura 45x55,https://www.masonline.com.ar/bolsas-para-residuos-asurin-normal-cierra-facil-aroma-limon-45x55cm-x20u-2/p
Bolsas jardineras,https://www.masonline.com.ar/bolsas-para-residuos-asurin-jardinera-80x110cm-x10u-2/p
Jabon en pan,https://www.masonline.com.ar/jabon-barra-ala-ecolavado-coco-200g/p
Suavizante,https://www.masonline.com.ar/suavizante-vivere-explosion-floral-clasico-doypack-3lt-2/p
Tide,https://www.masonline.com.ar/jabon-liquido-para-ropa-original-16-lavados/p
Ariel Platinum,https://www.masonline.com.ar/jabon-liquido-para-ropa-ariel-platinum-3-l-2/p
Ayudin ropa blanca,https://www.masonline.com.ar/quitamanchas-ropa-blanca-ayudin-blanco-supremo-repuesto-650-ml/p
Woolite blanco,https://www.masonline.com.ar/jabon-liquido-ropa-woolite-extra-blanco-repuesto-900-ml-2/p
Woolite negro,https://www.masonline.com.ar/jabon-liquido-woolite-para-ropa-oscura-450-ml/p
Protectores,https://www.masonline.com.ar/protectores-diarios-carefree-todos-los-dias-compact-x80-un-2/p
Toallitas femeninas,https://www.masonline.com.ar/toallitas-femeninas-siempre-libre-adapt-plus-16-un-2/p
Jabón Dove x3,https://www.masonline.com.ar/jabon-de-tocador-dove-original-multipack-3x90-grs-2/p
Jabón líquido manos espadol rosa,https://www.masonline.com.ar/jabon-liquido-espadol-skn-dp-220ml-2/p
Dentífrico Grande Blanqueador,https://www.masonline.com.ar/pasta-dental-colgate-total-prevencion-activa-original-mint-140-g/p
Toallitas húmedas,https://www.masonline.com.ar/toallitas-humedas-pampers-aloe-vera-48-u-2/p
Cereales,https://www.masonline.com.ar/copos-de-cereal-granix-400-gr-2/p
Azucar,https://www.masonline.com.ar/azucar-superior-ledesma-1-kg-2/p
Yerba Cósmico,https://www.masonline.com.ar/yerba-suave-cosmico-500-gr-2/p
Arroz doble carolina,https://www.masonline.com.ar/arroz-gallo-doble-carolina-seleccion-1kg-2/p
Papel film + aluminio,https://www.masonline.com.ar/pack-rollo-film-aluminio-separata-2/p
Papel film,https://www.masonline.com.ar/rollo-film-adherente-separata-15mts-x-28cm-2/p
Papel manteca,https://www.masonline.com.ar/papel-manteca-separata-28-cm-x-5-mts-2/p
Bolsas chicas,https://www.masonline.com.ar/bolsas-para-freezer-separata-20x30cm-x-20u-2/p
Bolsas medianas,https://www.masonline.com.ar/bolsas-para-freezer-separata-25x35cm-x-20u-2/p
Bolsas grandes,https://www.masonline.com.ar/bolsa-freezer-grande-frozens-8-u-2/p
Separadores Freezer,https://www.masonline.com.ar/separadores-para-freezer-separata-19x25cm-x-100u-2/p
Fideos Spaghetti,https://www.masonline.com.ar/pasta-rina-fusilli-matarazzo-500gr/p
Caldo verduras,https://www.masonline.com.ar/caldo-de-verduras-knorr-114-g-12u-2/p
Caldo gallina,https://www.masonline.com.ar/caldo-knorr-de-gallina-deshidratado-12-cubos/p
Aceite girasol,https://www.masonline.com.ar/aceite-girasol-alto-oleico-plus-cocinero-900cc-2/p
Aceite de oliva,https://www.masonline.com.ar/aceite-oliva-ev-intenso-cocinero-500-ml-2/p
Atún,https://www.masonline.com.ar/at-n-lomito-la-campagnola-170g-2/p
Aceitunas negras,https://www.masonline.com.ar/aceitunas-negras-la-toscana-con-carozo-330-g/p
Aceitunas verdes,https://www.masonline.com.ar/aceitunas-verdes-nucete-descarozadas-light-160-gr/p
Leche,https://www.masonline.com.ar/leche-larga-vida-la-serenisima-zero-lactosa-1-l-2/p
Casancrem,https://www.masonline.com.ar/queso-crema-casancrem-balance-500-g/p
Finlandia Balance,https://www.masonline.com.ar/queso-untable-finlandia-balance-la-serenisima-290gr-2/p
Ricotta,https://www.masonline.com.ar/ricota-semigrasa-baja-en-sodio-garcia-500gr-2/p
Queso por salut,https://www.masonline.com.ar/queso-port-salut-light-la-serenisima-unidad-500gr/p
Dulce membrillo Arcor,https://www.masonline.com.ar/membrillo-la-campagnola-estuche-12x500g-2/p
